[
  {
    "dateSale": "0001-01-01T00:00:00",
    "client": {
      "lastName": "Демидов",
      "firstName": "Егор",
      "patronymic": "Дмитриевич"
    },
    "telephones": [
      {
        "articul": 311531,
        "nameTelephone": "Мобильный телефон Apple iPhone 5S 16GB",
        "category": "Мобильные и связь->Мобильные и аксессуары->Мобильные телефоны",
        "cost": 9091.5,
        "count": 12,
        "manufacturer": "Apple"
      },
      {
        "articul": 311531,
        "nameTelephone": "Мобильный телефон Apple iPhone 5S 16GB",
        "category": "Мобильные и связь->Мобильные и аксессуары->Мобильные телефоны",
        "cost": 9091.5,
        "count": 12,
        "manufacturer": "Apple"
      },
      {
        "articul": 1062263,
        "nameTelephone": "Мобильный телефон Xiaomi Redmi 4x 32GB",
        "category": "Мобильные и связь->Мобильные и аксессуары->Мобильные телефоны",
        "cost": 9559,
        "count": 9,
        "manufacturer": "Xiaomi"
      },
      {
        "articul": 1078250,
        "nameTelephone": "Мобильный телефон Samsung Galaxy S8",
        "category": "Мобильные и связь->Мобильные и аксессуары->Мобильные телефоны",
        "cost": 38973,
        "count": 15,
        "manufacturer": "Samsung"
      }
    ]
  },
  {
    "dateSale": "0001-01-01T00:00:00",
    "client": {
      "lastName": "Егоров",
      "firstName": "Максим",
      "patronymic": "Маркович"
    },
    "telephones": [
      {
        "articul": 1075089,
        "nameTelephone": "Мобильный телефон Apple iPhone SE 32GB",
        "category": "Мобильные и связь->Мобильные и аксессуары->Мобильные телефоны",
        "cost": 19045.4,
        "count": 12,
        "manufacturer": "Apple"
      }
    ]
  },
  {
    "dateSale": "0001-01-01T00:00:00",
    "client": {
      "lastName": "Филиппов",
      "firstName": "Марк",
      "patronymic": "Тимофеевич"
    },
    "telephones": [
      {
        "articul": 644387,
        "nameTelephone": "Мобильный телефон Apple iPhone 6S Plus 64GB",
        "category": "Мобильные и связь->Мобильные и аксессуары->Мобильные телефоны",
        "cost": 23710.5,
        "count": 12,
        "manufacturer": "Apple"
      },
      {
        "articul": 1062263,
        "nameTelephone": "Мобильный телефон Xiaomi Redmi 4x 32GB",
        "category": "Мобильные и связь->Мобильные и аксессуары->Мобильные телефоны",
        "cost": 9559,
        "count": 11,
        "manufacturer": "Xiaomi"
      },
      {
        "articul": 1130456,
        "nameTelephone": "Мобильный телефон Samsung Galaxy J7 2017",
        "category": "Мобильные и связь->Мобильные и аксессуары->Мобильные телефоны",
        "cost": 15895,
        "count": 11,
        "manufacturer": "Samsung"
      },
      {
        "articul": 1130456,
        "nameTelephone": "Мобильный телефон Samsung Galaxy J7 2017",
        "category": "Мобильные и связь->Мобильные и аксессуары->Мобильные телефоны",
        "cost": 16247,
        "count": 8,
        "manufacturer": "Samsung"
      },
      {
        "articul": 1055825,
        "nameTelephone": "Мобильный телефон Xiaomi Redmi Note 4x 64GB",
        "category": "Мобильные и связь->Мобильные и аксессуары->Мобильные телефоны",
        "cost": 11539,
        "count": 4,
        "manufacturer": "Xiaomi"
      },
      {
        "articul": 543362,
        "nameTelephone": "Мобильный телефон Samsung Galaxy S6 Edge 32GB",
        "category": "Мобильные и связь->Мобильные и аксессуары->Мобильные телефоны",
        "cost": 17919,
        "count": 5,
        "manufacturer": "Samsung"
      }
    ]
  },
  {
    "dateSale": "0001-01-01T00:00:00",
    "client": {
      "lastName": "Федорова",
      "firstName": "София",
      "patronymic": "Ярославовна"
    },
    "telephones": [
      {
        "articul": 1014066,
        "nameTelephone": "Мобильный телефон Samsung Galaxy A5 2017",
        "category": "Мобильные и связь->Мобильные и аксессуары->Мобильные телефоны",
        "cost": 18359,
        "count": 6,
        "manufacturer": "Samsung"
      }
    ]
  },
  {
    "dateSale": "0001-01-01T00:00:00",
    "client": {
      "lastName": "Антонов",
      "firstName": "Алексей",
      "patronymic": "Робертович"
    },
    "telephones": [
      {
        "articul": 361868,
        "nameTelephone": "Мобильный телефон Samsung Galaxy S5 16GB",
        "category": "Мобильные и связь->Мобильные и аксессуары->Мобильные телефоны",
        "cost": 8030,
        "count": 3,
        "manufacturer": "Samsung"
      }
    ]
  },
  {
    "dateSale": "0001-01-01T00:00:00",
    "client": {
      "lastName": "Дмитриева",
      "firstName": "Александра",
      "patronymic": "Романовна"
    },
    "telephones": [
      {
        "articul": 1272039,
        "nameTelephone": "Мобильный телефон Xiaomi Mi A1 32GB",
        "category": "Мобильные и связь->Мобильные и аксессуары->Мобильные телефоны",
        "cost": 12639,
        "count": 5,
        "manufacturer": "Xiaomi"
      },
      {
        "articul": 644354,
        "nameTelephone": "Мобильный телефон Apple iPhone 6S 64GB",
        "category": "Мобильные и связь->Мобильные и аксессуары->Мобильные телефоны",
        "cost": 17743,
        "count": 11,
        "manufacturer": "Apple"
      },
      {
        "articul": 1265015,
        "nameTelephone": "Мобильный телефон Xiaomi Redmi 5 Plus 64GB",
        "category": "Мобильные и связь->Мобильные и аксессуары->Мобильные телефоны",
        "cost": 12648.9,
        "count": 9,
        "manufacturer": "Xiaomi"
      },
      {
        "articul": 644294,
        "nameTelephone": "Мобильный телефон Apple iPhone 6S 16GB",
        "category": "Мобильные и связь->Мобильные и аксессуары->Мобильные телефоны",
        "cost": 14575,
        "count": 4,
        "manufacturer": "Apple"
      },
      {
        "articul": 644294,
        "nameTelephone": "Мобильный телефон Apple iPhone 6S 16GB",
        "category": "Мобильные и связь->Мобильные и аксессуары->Мобильные телефоны",
        "cost": 14575,
        "count": 14,
        "manufacturer": "Apple"
      },
      {
        "articul": 756614,
        "nameTelephone": "Мобильный телефон Samsung Galaxy S7 32GB",
        "category": "Мобильные и связь->Мобильные и аксессуары->Мобильные телефоны",
        "cost": 15939,
        "count": 4,
        "manufacturer": "Samsung"
      },
      {
        "articul": 1014066,
        "nameTelephone": "Мобильный телефон Samsung Galaxy A5 2017",
        "category": "Мобильные и связь->Мобильные и аксессуары->Мобильные телефоны",
        "cost": 18799,
        "count": 14,
        "manufacturer": "Samsung"
      },
      {
        "articul": 1225931,
        "nameTelephone": "Мобильный телефон Xiaomi Redmi 5a 16GB",
        "category": "Мобильные и связь->Мобильные и аксессуары->Мобильные телефоны",
        "cost": 6488.9,
        "count": 9,
        "manufacturer": "Xiaomi"
      },
      {
        "articul": 266461,
        "nameTelephone": "Мобильный телефон Samsung Galaxy S4 16GB",
        "category": "Мобильные и связь->Мобильные и аксессуары->Мобильные телефоны",
        "cost": 6930,
        "count": 5,
        "manufacturer": "Samsung"
      }
    ]
  },
  {
    "dateSale": "0001-01-01T00:00:00",
    "client": {
      "lastName": "Волкова",
      "firstName": "Эмма",
      "patronymic": "Фёдоровна"
    },
    "telephones": [
      {
        "articul": 901401,
        "nameTelephone": "Мобильный телефон Xiaomi Redmi Note 4 64GB",
        "category": "Мобильные и связь->Мобильные и аксессуары->Мобильные телефоны",
        "cost": 12067,
        "count": 11,
        "manufacturer": "Xiaomi"
      },
      {
        "articul": 1130456,
        "nameTelephone": "Мобильный телефон Samsung Galaxy J7 2017",
        "category": "Мобильные и связь->Мобильные и аксессуары->Мобильные телефоны",
        "cost": 16225,
        "count": 9,
        "manufacturer": "Samsung"
      },
      {
        "articul": 1014066,
        "nameTelephone": "Мобильный телефон Samsung Galaxy A5 2017",
        "category": "Мобильные и связь->Мобильные и аксессуары->Мобильные телефоны",
        "cost": 18359,
        "count": 14,
        "manufacturer": "Samsung"
      },
      {
        "articul": 937057,
        "nameTelephone": "Мобильный телефон Apple iPhone 6S 32GB",
        "category": "Мобильные и связь->Мобильные и аксессуары->Мобильные телефоны",
        "cost": 16093,
        "count": 12,
        "manufacturer": "Apple"
      },
      {
        "articul": 311531,
        "nameTelephone": "Мобильный телефон Apple iPhone 5S 16GB",
        "category": "Мобильные и связь->Мобильные и аксессуары->Мобильные телефоны",
        "cost": 9091.5,
        "count": 2,
        "manufacturer": "Apple"
      },
      {
        "articul": 756614,
        "nameTelephone": "Мобильный телефон Samsung Galaxy S7 32GB",
        "category": "Мобильные и связь->Мобильные и аксессуары->Мобильные телефоны",
        "cost": 15939,
        "count": 5,
        "manufacturer": "Samsung"
      },
      {
        "articul": 266461,
        "nameTelephone": "Мобильный телефон Samsung Galaxy S4 16GB",
        "category": "Мобильные и связь->Мобильные и аксессуары->Мобильные телефоны",
        "cost": 6930,
        "count": 5,
        "manufacturer": "Samsung"
      },
      {
        "articul": 1217620,
        "nameTelephone": "Мобильный телефон Huawei Mate 10 Lite Dual Sim",
        "category": "Мобильные и связь->Мобильные и аксессуары->Мобильные телефоны",
        "cost": 17809,
        "count": 15,
        "manufacturer": "Huawei"
      }
    ]
  },
  {
    "dateSale": "0001-01-01T00:00:00",
    "client": {
      "lastName": "Сергеева",
      "firstName": "Ксения",
      "patronymic": "Максимовна"
    },
    "telephones": [
      {
        "articul": 916477,
        "nameTelephone": "Мобильный телефон Apple iPhone 7 Plus 32GB",
        "category": "Мобильные и связь->Мобильные и аксессуары->Мобильные телефоны",
        "cost": 38390,
        "count": 7,
        "manufacturer": "Apple"
      },
      {
        "articul": 1055805,
        "nameTelephone": "Мобильный телефон Xiaomi Redmi Note 4x 32GB",
        "category": "Мобильные и связь->Мобильные и аксессуары->Мобильные телефоны",
        "cost": 10219,
        "count": 12,
        "manufacturer": "Xiaomi"
      },
      {
        "articul": 916490,
        "nameTelephone": "Мобильный телефон Apple iPhone 7 Plus 128GB",
        "category": "Мобильные и связь->Мобильные и аксессуары->Мобильные телефоны",
        "cost": 42240,
        "count": 6,
        "manufacturer": "Apple"
      },
      {
        "articul": 970462,
        "nameTelephone": "Мобильный телефон Xiaomi Redmi 4 Pro 32GB",
        "category": "Мобильные и связь->Мобильные и аксессуары->Мобильные телефоны",
        "cost": 10659,
        "count": 10,
        "manufacturer": "Xiaomi"
      },
      {
        "articul": 1190221,
        "nameTelephone": "Мобильный телефон Xiaomi Redmi Note 5a 16GB",
        "category": "Мобильные и связь->Мобильные и аксессуары->Мобильные телефоны",
        "cost": 8030,
        "count": 10,
        "manufacturer": "Xiaomi"
      },
      {
        "articul": 1055805,
        "nameTelephone": "Мобильный телефон Xiaomi Redmi Note 4x 32GB",
        "category": "Мобильные и связь->Мобильные и аксессуары->Мобильные телефоны",
        "cost": 10219,
        "count": 12,
        "manufacturer": "Xiaomi"
      }
    ]
  },
  {
    "dateSale": "0001-01-01T00:00:00",
    "client": {
      "lastName": "Соловьев",
      "firstName": "Егор",
      "patronymic": "Евгеньевич"
    },
    "telephones": [
      {
        "articul": 644294,
        "nameTelephone": "Мобильный телефон Apple iPhone 6S 16GB",
        "category": "Мобильные и связь->Мобильные и аксессуары->Мобильные телефоны",
        "cost": 14575,
        "count": 4,
        "manufacturer": "Apple"
      },
      {
        "articul": 1014066,
        "nameTelephone": "Мобильный телефон Samsung Galaxy A5 2017",
        "category": "Мобильные и связь->Мобильные и аксессуары->Мобильные телефоны",
        "cost": 18359,
        "count": 6,
        "manufacturer": "Samsung"
      },
      {
        "articul": 1014066,
        "nameTelephone": "Мобильный телефон Samsung Galaxy A5 2017",
        "category": "Мобильные и связь->Мобильные и аксессуары->Мобильные телефоны",
        "cost": 18359,
        "count": 6,
        "manufacturer": "Samsung"
      },
      {
        "articul": 705058,
        "nameTelephone": "Мобильный телефон Samsung Galaxy A5 2016",
        "category": "Мобильные и связь->Мобильные и аксессуары->Мобильные телефоны",
        "cost": 10781.1,
        "count": 13,
        "manufacturer": "Samsung"
      },
      {
        "articul": 1199574,
        "nameTelephone": "Мобильный телефон Xiaomi Mi A1 64GB",
        "category": "Мобильные и связь->Мобильные и аксессуары->Мобильные телефоны",
        "cost": 13233,
        "count": 14,
        "manufacturer": "Xiaomi"
      },
      {
        "articul": 970070,
        "nameTelephone": "Мобильный телефон Xiaomi Redmi 4a 16GB",
        "category": "Мобильные и связь->Мобильные и аксессуары->Мобильные телефоны",
        "cost": 6589,
        "count": 7,
        "manufacturer": "Xiaomi"
      },
      {
        "articul": 266461,
        "nameTelephone": "Мобильный телефон Samsung Galaxy S4 16GB",
        "category": "Мобильные и связь->Мобильные и аксессуары->Мобильные телефоны",
        "cost": 6930,
        "count": 5,
        "manufacturer": "Samsung"
      },
      {
        "articul": 451522,
        "nameTelephone": "Мобильный телефон Sony Xperia Z3",
        "category": "Мобильные и связь->Мобильные и аксессуары->Мобильные телефоны",
        "cost": 10230,
        "count": 15,
        "manufacturer": "Sony"
      }
    ]
  },
  {
    "dateSale": "0001-01-01T00:00:00",
    "client": {
      "lastName": "Александров",
      "firstName": "Владимир",
      "patronymic": "Янович"
    },
    "telephones": [
      {
        "articul": 451522,
        "nameTelephone": "Мобильный телефон Sony Xperia Z3",
        "category": "Мобильные и связь->Мобильные и аксессуары->Мобильные телефоны",
        "cost": 9300.5,
        "count": 9,
        "manufacturer": "Sony"
      },
      {
        "articul": 1062263,
        "nameTelephone": "Мобильный телефон Xiaomi Redmi 4x 32GB",
        "category": "Мобильные и связь->Мобильные и аксессуары->Мобильные телефоны",
        "cost": 9339,
        "count": 12,
        "manufacturer": "Xiaomi"
      },
      {
        "articul": 1075089,
        "nameTelephone": "Мобильный телефон Apple iPhone SE 32GB",
        "category": "Мобильные и связь->Мобильные и аксессуары->Мобильные телефоны",
        "cost": 19789,
        "count": 10,
        "manufacturer": "Apple"
      },
      {
        "articul": 756658,
        "nameTelephone": "Мобильный телефон Samsung Galaxy S7 Edge 32GB",
        "category": "Мобильные и связь->Мобильные и аксессуары->Мобильные телефоны",
        "cost": 19800,
        "count": 4,
        "manufacturer": "Samsung"
      },
      {
        "articul": 1055805,
        "nameTelephone": "Мобильный телефон Xiaomi Redmi Note 4x 32GB",
        "category": "Мобильные и связь->Мобильные и аксессуары->Мобильные телефоны",
        "cost": 10219,
        "count": 8,
        "manufacturer": "Xiaomi"
      },
      {
        "articul": 453978,
        "nameTelephone": "Мобильный телефон Apple iPhone 6 16GB",
        "category": "Мобильные и связь->Мобильные и аксессуары->Мобильные телефоны",
        "cost": 11440,
        "count": 6,
        "manufacturer": "Apple"
      },
      {
        "articul": 1075089,
        "nameTelephone": "Мобильный телефон Apple iPhone SE 32GB",
        "category": "Мобильные и связь->Мобильные и аксессуары->Мобильные телефоны",
        "cost": 20238.9,
        "count": 5,
        "manufacturer": "Apple"
      },
      {
        "articul": 1078250,
        "nameTelephone": "Мобильный телефон Samsung Galaxy S8",
        "category": "Мобильные и связь->Мобильные и аксессуары->Мобильные телефоны",
        "cost": 51579,
        "count": 8,
        "manufacturer": "Samsung"
      },
      {
        "articul": 1055825,
        "nameTelephone": "Мобильный телефон Xiaomi Redmi Note 4x 64GB",
        "category": "Мобильные и связь->Мобильные и аксессуары->Мобильные телефоны",
        "cost": 11539,
        "count": 4,
        "manufacturer": "Xiaomi"
      }
    ]
  },
  {
    "dateSale": "0001-01-01T00:00:00",
    "client": {
      "lastName": "Попов",
      "firstName": "Юрий",
      "patronymic": "Васильевич"
    },
    "telephones": [
      {
        "articul": 1217620,
        "nameTelephone": "Мобильный телефон Huawei Mate 10 Lite Dual Sim",
        "category": "Мобильные и связь->Мобильные и аксессуары->Мобильные телефоны",
        "cost": 17809,
        "count": 12,
        "manufacturer": "Huawei"
      },
      {
        "articul": 756658,
        "nameTelephone": "Мобильный телефон Samsung Galaxy S7 Edge 32GB",
        "category": "Мобильные и связь->Мобильные и аксессуары->Мобильные телефоны",
        "cost": 30052,
        "count": 11,
        "manufacturer": "Samsung"
      },
      {
        "articul": 451522,
        "nameTelephone": "Мобильный телефон Sony Xperia Z3",
        "category": "Мобильные и связь->Мобильные и аксессуары->Мобильные телефоны",
        "cost": 10230,
        "count": 15,
        "manufacturer": "Sony"
      }
    ]
  }
]